SKP1A,DHCR7.1,EPHB4,ADM,KIAA0040,C1orf123,RABEP1,BCL2,BCL2.1,TTLL4,CXADR,MORC2,KYNU,CXCL1,DNALI1,ESR1,DACH1,DACH1.1,PFDN5,COPS7A,GATA3.2,MPPE1.1,EIF4B.1,CYP21A2,EVL,YEATS2,er
10.950683530814144,10.847816801783283,10.34807513720058,12.378857005018643,8.531357705772919,9.961501781352023,6.466059938093082,3.066486134041417,7.299544817838211,5.719636837108792,10.820171864930908,10.068475643755894,11.227660424375385,6.653583876180419,2.429551542152223,7.933609669051517,5.282592756140512,1.8733920361769565,12.673839035364312,9.859016506781469,11.067214946191408,9.316232045540524,12.053945243551729,5.5832623059172,8.89123717478629,9.314181202283084,0
11.524725675823536,8.545179893142311,9.688556893845508,7.871137519893909,9.413448283835251,9.702861441457385,9.073238242128728,5.834697620774992,9.599270458334988,5.660237187675302,5.772061091438276,9.331604501940912,8.965202119290872,4.701890082234417,9.45443105284692,12.38846836239394,8.021598583434841,6.541080609301305,13.143021848620917,10.301422328072958,14.023003223567963,9.342099855720257,11.385603128397452,3.3287848997667884,9.855321620970054,7.804450951731972,1
10.63151776144392,10.051138069867504,10.336837897106829,9.489242784951257,8.16062950289413,9.648144555121428,5.754082277934669,3.01302087837094,8.612906917515652,9.041833337630836,13.069353233404108,9.787590483922914,7.352336116339901,6.986410585954813,3.0020464985489803,7.804546898388975,7.371473386865811,6.2465859096693634,13.20585902000331,9.082100347679306,10.726371738938957,8.48577697564004,11.665887044837048,4.092909870913435,9.678460584323725,9.639825234182457,0
11.620445563568635,9.13022816145563,9.676061347436413,7.846630296297535,9.466744740706815,9.585240760440024,7.112622293223273,3.854088631948405,10.498765419003425,7.474594329878673,7.884079035297838,9.338613136788224,8.737613400111833,4.284668785052251,9.80414373608656,12.328243409828865,7.730333399302485,6.067307058948803,13.499291712576248,9.753621737326226,14.014379637491558,9.200917112551334,11.732913489330388,4.52078672065842,9.294257007011993,8.164053861268533,1
11.30165875775302,9.918252479914043,10.499266612662302,7.99110791054443,9.242927418574792,9.858128705469934,6.830207526329146,7.7861913778904706,11.30005755475272,7.394775943743272,9.670387284729182,10.396689201407188,7.192411309005499,6.256272929679909,9.52475145537922,12.282856842084149,10.573711330179004,9.61188562076051,13.34661620607597,9.98092975480674,15.183722725826652,9.654362832194794,12.03279592947089,6.770834671064999,12.07923093135375,8.850277470295223,1
12.092565275544043,8.517139933711146,9.755401015087113,9.209734724195313,9.600008797874592,9.94967394803278,7.381765458178807,4.004828064664649,9.640143394565415,6.676222467388839,10.833559658604855,9.52473270036275,8.082625368130103,4.553322180090734,8.329322067861739,11.91739697529176,9.199860046994656,8.35800340584913,13.977915276253206,9.665136896995095,13.229212460156583,8.758900814180636,12.634695848663318,5.731960394900059,10.216744918484483,7.927639437085966,1
10.259965208236396,11.223012169587102,9.581352658615108,12.21921745899826,8.200604213782288,9.86485714374366,5.667304801746004,2.912811837397677,6.609786028841174,9.314549798046643,10.415921071794427,10.140387159717264,8.198802349635004,5.08038239547444,6.606684566672335,6.465294802506128,5.893635428975146,1.3680497558839306,12.424737818882598,10.174120984250726,11.559689749011692,8.682809948312352,11.538619003872917,3.8952173686640488,8.660153099045345,9.367620188360007,0
11.634698648880372,7.514845289201753,9.87824578624987,8.502193359335921,9.901252989557555,9.954659699978736,7.766169463343314,4.299723317944164,10.27655083656082,4.53512948517272,11.477846601834168,9.249811061873146,7.800025824516807,6.554044061681689,8.183200408519069,13.244956038987436,9.343802418118456,8.810471727333425,13.735578220867913,9.719995784606734,14.001301259145992,9.27688263738114,12.590487240865857,6.01642708606108,10.122976189333835,7.642209197735215,1
12.254431987906605,9.065257806268605,8.757416736784643,7.977006404294151,9.03807338432713,10.066621057899695,9.22953252844045,7.5880910222806595,11.29960758795821,6.87470692576054,9.566518298795089,9.448997940678478,7.256197667953643,4.222125206020899,9.586118582309844,13.660404736546695,8.47232232880658,7.2775875406035215,13.62069699100448,9.793367704606457,14.642049828570345,9.549366977887184,12.65449828910853,6.379758607839782,10.39401597595318,8.148375506968534,1
11.85919179230146,9.183108708669636,9.654577974236249,8.850525285747777,9.15829879373047,9.852575061228896,7.048917303734029,6.45152775167935,10.209171774469963,7.326441223274526,10.986922827166184,9.695481916250028,7.533366854112836,6.409620599024434,7.44611858284022,11.68503964621384,10.047195808465402,9.485666263716146,13.669560399676854,9.696037763384052,14.02912044471849,9.087990699559295,12.396105195574687,4.596673318510675,9.786284928853078,8.119567326923288,1
11.495895471720416,9.284168057853384,9.524284022450626,8.494914010972627,9.29641270450066,9.495456114026547,6.281044802712762,4.392789298527264,9.617459513345544,7.706126427562198,11.144242959117834,9.017912386959605,7.7626154984240765,5.162735797114503,6.850683803919202,12.593528030219392,8.50776542772836,7.074747887787421,13.240688774335023,11.106280372825976,14.049342207592645,8.78722271876894,12.290356132327725,6.149469781250773,10.80350132708029,8.24297905000794,1
12.379893852386411,8.817271422009718,9.6554092800823,5.735995900563996,9.600640535144947,9.39768709505516,6.425316229926811,6.297458175538329,11.415863313938544,5.446542663481755,11.267464113419448,8.94671424849223,7.2124595797422595,3.630400417347477,8.65092951887118,12.263405202247329,7.610511044039575,5.35017298499965,13.902777414776317,9.976639121529551,13.557872746533928,9.871141469019754,12.977779861042452,4.749697360215696,10.57391403825686,7.889733017039841,1
10.52934449380244,10.74002743213113,9.252221409783091,8.42328987198477,7.657906904252966,8.754928167247135,7.052042048488089,3.1609647734738497,7.79551513864791,8.83030197556677,10.69594272737054,9.702995741420391,8.98237492949495,6.297115959778402,6.885567433592351,7.222667106311722,6.298782477279588,2.4298827903897355,12.869792536608337,10.53079167244211,7.830418854666708,9.128698693522963,12.022179401342031,4.8527318511571655,8.317539287855025,9.901996619298298,0
11.388283384080744,11.602096272309192,10.141327827212216,9.277028213414836,8.493864839979446,9.507184837260516,6.832202266688294,4.527142070282865,8.812139592391283,8.107788742282452,10.9962336192194,9.672692094272412,11.884456130474232,7.252146536114616,5.20986263408054,9.34178504878382,7.088548574109562,3.9292766271786967,13.064200722066666,9.388809052324984,12.068294798052763,8.68019012820883,12.245238979014577,4.393099571020341,8.700885534255228,8.36215481499812,0
11.360858791690664,10.099320292184778,9.434307399388876,8.966258413182633,8.554565704516593,9.845580566292808,5.907738278919317,3.928661119096121,8.630484468405374,4.478490649538566,12.007742187166736,8.209051959716158,10.139181802712244,10.340469614363954,3.7294097828193538,7.820778283015636,5.597951953503394,2.548554244325431,14.101264935444563,9.351442116595582,10.537854142540503,8.802199445574539,11.24464849860428,4.051104024396141,8.991270925094199,8.36878880081799,0
12.405631738225708,9.893732488571125,9.792553828655702,7.44600576629838,8.930893618352927,10.562420633520189,7.400041578407968,4.987011125777741,10.726980754968404,7.188801323077217,4.963880847216307,9.35572890311482,9.945098534908112,4.994952749428054,8.410405510740958,13.239449142412004,9.63978735999127,9.109340444836208,13.676018725433511,10.785761915999682,14.861827851982252,9.218101625312398,11.528719888677443,5.554039995174104,10.429841527611194,8.191285039888209,1
11.1435442952655,9.960966297787373,9.78753197779621,9.754697901225672,9.136273934656652,9.204904538328508,6.286929483133764,2.73287395323885,8.877294180775634,9.348793982480782,12.69674069086812,10.495488739463497,9.592882907001211,7.161715854996527,7.303542347737363,10.638621314228905,7.86097097677671,6.226864717227259,13.144394172468829,9.670838887368056,14.358040285083971,8.979810636948711,11.41324440464418,5.5094350992111,8.888584888127383,9.123019909781846,0
10.774786363714233,9.302390716004693,10.383181277864749,10.187308697187694,9.985301816519398,9.509717957481946,6.627510234948766,2.8012842808438085,7.153609766220335,8.971424048347401,12.396910684978694,10.48070705127748,9.231289835554394,4.192624564056885,6.69905580175371,7.588012156045983,8.574119848723479,7.803043096420132,13.410013058054554,9.783489090676472,12.610290753992752,8.19929203157065,11.62535418701481,5.4356590438284345,9.473999004203472,8.407993838750274,0
10.644611752528943,11.754111886730374,10.225801026518887,10.31869581296878,8.964407163615327,9.504203794959526,6.170372695043946,5.41099006354836,7.907881627144742,5.700096336650565,10.800939288787248,9.784918194795466,10.306673250691569,5.165188048257851,4.1884667826394,7.555963641725373,6.511722468147291,5.3778753412246285,13.628766455460164,10.319597384302856,11.443095001609048,9.300231046995917,11.552841694989072,5.71093798576389,9.08575755724786,8.71364304795777,0
11.737330042729798,8.69053354240076,9.831331607307977,6.56461042246457,10.42500111725854,10.203847736154144,7.990372187823873,6.434981097626253,10.04027429214803,7.8323311696584605,11.478197810555404,9.100201466689557,7.403703725391548,4.867287437612166,9.60332332330431,12.052497926183523,8.813353886218598,7.203366279627941,14.023328977484445,9.493774573339426,14.300369276393832,8.880714281268068,12.94358530696,7.450769555832386,10.394657533572598,8.541141040325032,1
12.381009848274626,9.575397115732963,9.672856095603262,7.119818513944298,8.741385440892222,9.114875796740348,6.108694914660097,5.666918028933507,10.004727653886034,5.052115668014805,12.054236157544564,9.881996143738384,8.37905623273954,5.747971574932876,8.897526760228066,11.330550757999628,10.7632757103493,10.771029919549214,13.546667162152607,10.098890059709657,14.757902551315569,9.44485598035826,11.57833797632465,8.290668502982678,11.327317723486653,9.268459978456354,1
11.510410480157814,9.729014653742375,10.486057474615816,10.84230359590607,8.486196296697084,7.897986667580462,3.521042174255589,3.8306639013926937,7.163022067518363,9.359785999340518,13.371294354922473,11.0338185912262,6.012834063924463,6.867177951978408,4.4099442347271935,6.2546839233972,8.709526128868834,7.423621759031313,11.791244759710931,8.694304992865034,9.949154656455075,8.804202339122238,11.099547673754069,6.2294836273709775,8.588207833532035,9.01071931611959,0
11.972186542560731,8.55316418011495,9.464898472957168,7.466272966806789,9.567110112401028,9.695013979959343,7.422035003124066,7.399987281076229,10.851789000708855,6.27812323102502,11.485760553718489,9.576202443422078,7.820606630950521,5.847093707327414,7.359222224767323,12.28149595967633,10.21274117931788,9.558193831813227,14.218665983322596,9.459683958497772,14.936435370570972,8.977259598424283,12.597023325023589,4.234666617673485,9.60651392925398,8.325550076653112,1
11.242644789667994,10.431797502245129,9.318107381867724,7.174737071872177,10.560317660670066,9.029174054156984,7.1069981888053455,3.9193119889448407,9.76690694827845,7.700883145951383,11.808555339058714,9.132651569636648,7.929917151207695,3.1921023774916084,8.565441342654353,13.528082099496643,10.41712179562461,9.307953373788582,13.242625818944388,10.003734889416302,14.14233311741766,9.446661405931229,11.844976266106103,4.742895025121676,10.306747635648977,8.652745710534742,1
11.284514185909396,10.448634100723174,10.14921237710466,8.15701519937765,7.558978964895652,8.650231332000612,6.299722944169465,5.319601566648201,9.79920270601252,12.049004301940492,11.316210245449538,10.69178287321854,10.97484840766999,6.58045436766649,3.423807198055456,6.999140342120466,5.513889141396671,4.778783056739991,12.986895171767886,8.963691916737744,13.570855233439396,8.583344700096255,11.743959809101028,4.012737697797478,8.900678558962714,8.703741625476047,0
11.575426452359586,9.094733238497604,10.534324602626292,10.22522557860369,10.523319894279664,9.428469598581886,6.889319362166877,5.831128684124788,11.46222325446193,8.090516776038136,10.738635303358526,10.328061075373665,8.48097300401746,6.293988746560321,7.988982813089881,14.257282365625043,6.122611838636745,3.446652092397479,13.720316161957571,10.709600826600443,14.950092301687144,9.815478243211649,12.830432643219842,4.5568601779437055,10.839761289341997,8.05582633576777,1
11.834636416540343,9.058115432239616,9.3296182976336,8.038767001034538,9.58416427902315,9.54386273091565,7.23342578931207,7.520317740924604,11.510921379040454,5.584765376035668,10.939983221352357,9.3408263851269,6.776548131345317,6.209257731431695,7.534700114378897,13.199607520722129,10.515838679673204,9.827815655704487,13.881842642222422,9.94393597310498,14.970500759075712,9.426015891058238,12.94565897737086,6.276257697471285,10.258608865570835,8.328433588370903,1
11.721410882522624,9.040863396630392,10.050896909295478,8.641172568679885,9.284859554872131,9.781127281866826,6.833405610392347,7.761850550190861,10.796110601294098,8.189686150933541,11.850927427499863,9.553046067037824,7.981562780901402,6.873395800477714,8.031416342756682,11.8784272987481,8.860663877652401,8.558401041154633,14.161795517047716,9.71216469821992,14.602093319359112,9.02712226699989,13.137184801960146,5.292596016622198,10.446828879180632,8.974066870038115,1
11.178769399437254,10.225076051368715,9.798996311348269,12.08956387824104,7.952546086348254,9.209035598121492,6.922576659623748,5.7053874373634486,8.031283721644055,9.364287504456414,12.729199307365752,10.817489904568538,8.27002358719877,6.470151667407322,4.516488464145319,7.726130775105284,6.00288684437944,2.2120971992472205,12.47111493915936,9.718796764169616,11.206269732614215,8.686389647499427,10.959744230667038,5.645567889752098,9.014997718742004,9.342935939918116,0
11.111647197297708,8.96322997618793,9.594777244586815,7.510616041477389,9.651627910307822,9.112460518031408,6.78460186437192,7.32415423142042,11.042840027727175,7.483690763023024,11.987639213359726,9.501359893249294,8.954102936368875,5.624714755994347,8.743946690186316,12.344518219935916,7.78065370131216,6.802824372188956,13.43766284953131,9.69438245758321,14.861364954743292,8.621145928169787,12.21883785865865,4.720491855160502,9.852804543097797,7.926783573090504,1
11.249096145870071,9.863745515770798,9.01741792207184,8.321204485674242,9.101546535078532,8.91757989297265,7.911861270114569,3.366045612533649,9.60762608195575,8.36570563906284,11.87552153933545,9.765349670126096,7.872678040609239,6.509434259994435,8.536648526929763,12.27833499035496,8.139923679271147,7.168753668656911,12.82373251678816,9.452900200162809,14.292436290611644,8.958561524648616,11.991432932800668,5.083382206117729,10.697517798094012,8.621081672640235,1
12.048129752064748,9.997652438714644,9.612616118793946,8.32875659566865,11.01814781848783,8.892860354031642,7.540156555688738,6.703363145297627,11.035227766372094,7.43152574606215,12.841417239414543,8.904351750979737,5.16037730501617,6.539561897663292,8.125761139681043,12.995650551082804,9.56480256630612,9.316329949010932,14.09516535402163,9.793196344045144,14.666674445899757,9.005155029084515,12.35468834391325,4.177665672904575,10.464871086103445,7.885629700421319,1
12.467587359136145,10.047659710545696,9.741399421274831,8.560467865460646,11.936674373431435,8.769156221629848,7.217502796880711,7.229818722079222,10.796784287301476,6.147543317594333,9.95118656996888,9.81316739716694,8.486662579008513,7.073613754845441,10.227822067038776,13.832508605807377,8.83783237999988,8.016231031797957,13.302794629205884,9.950985234165389,15.038583701199029,9.922756838021693,12.225770099953609,3.948157724985713,10.788121027297516,8.503350844638613,1
10.508778566265232,10.725722403238754,10.28883024097788,10.543609093772142,8.607384643661813,8.570481738350875,5.838657134153268,3.6201707044887006,8.831864445325522,6.542754193831844,11.313444977388,9.73120091916398,10.817308814633847,6.081631582936335,6.564635914462955,8.153929363960968,9.670123703369486,8.24774153610336,13.166512675190203,9.86176136557328,11.871522671418132,8.493711022163275,11.554765945332235,4.507298805352307,9.190379561504455,7.9950088728363236,0
11.71191609505907,9.3397500825131,9.295307089831034,7.813825428498134,10.16195178082342,9.111484869219524,7.56925066447867,6.598586239523771,11.037447027972767,5.473346011647137,11.525293983713071,9.737905093523404,6.437990683524383,5.380318259672122,9.175863905178744,14.662912966631804,10.900056334773,10.209844169497256,13.76842614374734,10.157924710303364,14.757263920085697,9.280688150325444,13.084267013891283,6.561448013464605,11.256712025044337,8.071629392158332,1
11.653751328558888,11.606893113818575,10.31468200427031,7.939998645248132,9.076185881734917,9.303928179579913,6.866481125798991,5.413143794368587,10.187585215152504,7.273532591946181,10.232032822399718,10.037125499223176,8.73264953643597,6.12558075584234,8.536669007795181,12.53525665375748,7.934647770602238,7.282085152503427,13.017762873572966,10.122491461029384,13.085328163872855,9.869914027639354,11.479839914177532,5.4710320123445655,9.764441302538469,9.20928652293529,1
11.907648349008456,9.289126957010636,9.587225520174757,8.286317099043611,9.305353247206074,9.20182165126189,7.922924104157314,7.267184729592866,10.64613455804715,7.707400335251874,11.741397635949326,9.870516674736436,7.2343947082791455,4.69386350616019,9.48751791859555,13.13813730644686,10.497139907276027,9.474503923717409,13.178099606029674,10.127408785367022,14.091691512039873,9.36213814755942,11.908673580886813,7.126714916120196,10.645419225732804,9.022571154009997,1
11.654480957568904,8.355714989842479,9.619909543881782,8.47543785157589,10.413478249357246,10.051636905312636,6.779376839547638,6.117312489391943,10.278038441799426,5.776370146949195,9.585652231535043,9.3373548955037,9.091088158652926,6.889752869745818,9.97245325074719,12.749190877284178,7.510481757378657,2.6647337418310366,14.05901795424044,10.409535047115387,14.667825620387989,9.709125486725144,12.415699739994226,7.829176817830452,11.940714465821356,8.897573205527342,1
10.463105868922328,10.869985052108188,9.50708783987388,9.532789908088144,8.672553216643136,9.694434598582212,6.025997535724123,2.9146522947910696,9.5237505300086,10.259268762179282,11.988281714371718,9.114517494149196,7.911120505201315,7.170151185033348,4.96301693781179,7.789725000044158,6.199034961048035,3.929018844281879,12.791981958112087,10.2598247329819,10.7239108993634,9.116471769402755,11.837429031702197,5.086213727098091,10.583354820349712,9.800675381913289,0
11.930206562679851,8.737743131080933,10.418962611710814,10.725389811130944,8.820414322818232,9.380136844236969,6.668920916224012,2.7225615003667367,9.475848871044713,3.944859775246136,11.642556215613526,8.538011233759244,10.5801031022167,6.292673926989833,7.493008388079152,13.351361940135154,5.671517966378121,4.566381607878249,13.338021240095786,9.951497127190256,14.185564854503207,9.442214092284948,11.97762646962286,2.855320021854269,9.967744908982596,9.058899402367306,0
10.66090736402505,10.246369057591862,9.952108143587305,9.522544866490088,8.002657865623318,8.940030454832145,7.15423106349412,2.896799309774812,9.083204163329626,9.372741155619552,11.055758272215776,10.34106995272836,8.834089346558532,6.319429396974728,3.834972336646044,6.690839511659752,5.9750641174311685,3.052397665309466,12.31668316279264,9.73565966934448,10.550107788303864,9.305793196854683,11.535012820728644,4.25601840492303,9.37004340943264,9.46565013152328,0
12.645490028751304,11.087276907131743,9.33098512356836,8.178512175549656,10.936633294596554,9.333542378724482,7.98941518079912,7.895839064346968,11.019775489480368,5.777081189323726,11.109430792109062,9.151891319206674,9.93048705453569,5.640767899596065,9.294827256469429,13.342178713096176,8.81304469432527,7.163697326692058,12.950960929351607,10.201387541993885,14.868244323626271,9.665499477084287,11.96840148837042,4.636734750529373,10.74221165508664,8.098334933796941,1
11.286830824446447,9.993205173987782,10.270029346827018,8.509017382699364,8.802222979592285,9.34661902146116,7.447825196544202,3.032691887857961,8.105173076996127,8.374937816771254,12.78788213230976,9.29594605955946,8.685153553504936,6.832630095497692,3.5460397230629512,7.817748186045492,7.264620750761468,2.065947355341758,13.292085316700168,9.204189815635877,14.254306617690297,8.916407537316669,12.078365035213286,5.283872145198925,9.817088764843731,9.209611401534245,0
11.859953670336555,8.812335233564566,9.933196026575091,8.823011386306083,11.283667606557746,10.125483297795904,6.163346444673971,6.845678323396115,9.596233276070794,7.688921642536525,9.382173378058296,9.10039296137263,7.667637158681432,5.8637663137426985,8.99802219459565,12.901161171661125,7.312027915996765,6.890683118542514,13.98656009180558,10.67612457131456,14.404294928220144,9.896033188284736,12.648429601799387,4.558578830905697,11.431927137023672,7.776237811133573,1
11.401093675919975,9.650603623579617,8.929109945696142,8.956142370904486,9.391378544892811,9.24345789964658,7.173774873852783,5.41042591009832,8.880430884832501,7.998925100734703,8.12168469460865,9.384604652430902,9.831502244258948,5.495110541000834,9.169373155086951,11.014783997758576,8.81532287736903,8.076131126721549,12.87222182406896,9.980663780530596,14.109295615594048,9.906734619094632,11.661377078829586,6.8026516192886985,9.587234526480868,8.73187849082527,1
12.0248121032937,7.709507118943416,9.851477616901116,8.086800683545052,10.064899235072824,9.696042421958635,7.55234371225096,4.064430377239923,11.00480472911537,7.008769468037653,11.352353513168667,9.302416625291448,6.4272457987286105,6.917065533742242,8.962130570105632,12.594056334465836,8.81274807352912,7.488778150052989,13.88225818649894,9.95767215081914,14.781651364805343,9.821072864759696,12.599406350130904,4.785314657058873,10.495911092814833,8.402927860253989,1
12.110205775971949,9.3019476618951,9.501259386808815,9.179824795758316,10.425621444034968,10.23955509027037,7.139676680793774,4.598340987251152,10.201593421606622,8.29616102879023,11.12294259353797,9.455069336105568,4.319875314957754,5.592641180193653,9.649889097145776,12.06843287471994,8.883390156480674,9.006432201250592,14.221978293109323,9.931597889523902,14.44760791723436,9.59449516621097,13.148213936275257,6.173581649345773,10.762478677327092,8.678528444199971,1
12.353984740038223,8.465126321441383,10.022273416535247,8.999202941596991,9.357948541617606,10.076611057640951,6.724925320875391,7.323529413523507,11.156325786607752,7.4699790076924355,7.964215299758948,9.213276902650165,7.109834889809654,6.142778427711712,9.785248740401707,12.61626801916254,10.72855613409611,9.73579780288951,13.79122413727333,10.193552577720554,15.016883376416708,8.960835264798193,12.342608610288124,5.58226162958125,12.235749721804746,8.201848203574427,1
12.263338635622528,8.836361514858607,9.18967473395241,7.349805971199863,9.72877523299049,10.945894039682216,7.620961101573325,6.633707804739567,10.94099306523253,6.91736366019326,9.445147261726207,9.175096659477925,7.317777765293226,6.862555258527898,8.472116895886776,11.698032058264625,8.811104664674104,7.879852787544562,14.07963430737135,10.096443975302051,14.343512917088372,9.32920701044683,12.572492115994436,5.646261596103602,10.982915492832916,7.374014126413359,1
12.1255952106913,10.198305072492296,10.096920132576464,7.770531005578626,9.957289627278117,10.186274212504708,9.408412916694244,8.25573818938771,11.383472310910657,6.143342750335778,10.286052991019355,9.521316653424858,6.856364587659941,5.668370220314843,4.617238728213925,13.387734275901622,8.754414977148633,7.357243806918279,12.937624252844644,10.192654505136831,14.012315835791693,10.528333518712452,11.659045421943496,5.102311142350072,11.87519768251497,8.974082056909413,1
10.791359821530364,10.023178232656912,10.05776212195893,9.304974138580173,8.206098148328199,9.429431810119702,3.7488861876348993,3.2076549871170608,8.214087232705856,9.71293321230655,10.792910835059253,10.135182441135152,8.552194519320283,7.428030297941121,4.053036790014928,7.376552465643051,5.848151244307245,2.860552014554943,12.541462053618076,10.077134945597177,8.66902947446936,8.18022188792241,11.20040169778171,4.554803681557215,9.13431027572222,9.177174792164092,0
12.142641855193029,9.417454912480366,8.591190937684262,7.82849854755982,10.229976995133583,9.743490823170903,6.818621013935322,4.179241191707539,9.607171019783516,4.685255113308342,10.62096946379928,9.348620474160192,7.910002601440276,6.02251653882638,8.433382436947694,12.94697256748088,9.645207342945342,9.298181644668974,13.799716617223732,10.169165452744156,14.08041977596888,9.26908230819415,12.522017269606357,5.0123142003848,11.793103327302804,8.488890180966868,1
10.609245892017665,8.857214889151207,9.214651586663148,10.518605415322371,9.030435267878842,9.4516487121992,6.839948634520752,3.854411107512364,8.912817083678624,10.469520002272976,12.158571451819586,9.740846150697283,9.875295912627946,6.558526208940309,4.2428152680481785,8.74324114597124,6.745520387927017,4.27946804506672,12.415434459098517,10.117607552595056,9.841857536023731,9.342352686313316,11.63375308466495,4.2245911381650325,9.266505653032274,9.604474219716105,0
11.717262579545316,9.160432309266527,9.39373938207529,9.669114049389687,9.638176181218665,9.972210074283456,7.127405585567818,4.810273269105672,9.74896561415821,7.451758516697986,11.30167602673202,8.636838476354367,6.276900385683239,6.42016485299273,9.2115911732814,13.31482807034176,9.59940420055569,8.650205025851355,13.671666307520717,10.131612157565794,14.270070765384174,9.869419150628378,12.555706199406792,7.495620701768472,11.44753862338334,8.048102102175042,1
11.690564074683646,9.962798442324496,10.1188448089464,9.098978943544148,8.87902861057948,9.69264536638192,6.859757375335533,3.0437992946497827,8.806826310497472,8.26613146727476,12.233254746793817,10.30100713178448,7.269977634915317,7.858915691199085,5.4903322849688285,6.553707656922276,6.916717580823546,3.6024743463812854,13.028969355368732,9.994240928120858,10.816564413617272,9.189916111986197,11.967168319754387,4.15425511474181,9.607072690471297,8.569389204711696,0
12.339128282775722,8.01890463024855,9.635197858758676,8.3173781718112,11.179606882940224,9.183085299772896,9.54770504555871,5.922888076389368,11.10530449431676,4.792624237709252,9.29253440078062,9.142589498120994,8.014409067455164,5.83302740451424,9.861466012576528,13.009661932411806,9.098751846165737,8.527360654816235,13.843340845472808,10.31646620534063,14.32183418940266,9.596724264126008,11.358603782794798,5.230945760829266,9.808093582000868,8.075228738133918,1
12.406309375721454,9.50650597041975,9.367319281787903,7.265645536020022,8.90614968817323,10.145517042085858,6.84836908355886,6.660011786097396,11.011141082881045,6.8964547081102365,8.007157922538887,9.159785829567015,6.342218157885227,4.677044871355698,9.575609029949046,13.203921499498191,9.965180690396414,9.366892317836074,14.358350966244744,10.910842999503696,14.661796739398463,8.668549019341052,11.81589543065989,4.126871881308955,10.46710347786515,8.148936481269086,1
11.908847564409191,7.341133379119586,9.3378405344308,8.885983572285364,8.97535712533191,9.570252522176594,7.492059480153322,5.330986539513647,9.71586737515427,5.618039067001825,10.647069456144294,8.292565246809867,8.985824745953565,6.490751770964481,8.485845737211791,11.26990019230468,8.395384088320998,7.365539722022989,13.336734654755134,10.14179511688122,12.856837918183428,9.553296384625977,12.280862795852888,4.542969361821196,9.978405442403467,8.145919778643508,1
11.376597065359928,9.841296334315464,9.94933966324639,9.743745443779286,9.537205650360113,9.238955372432825,6.312352685670372,2.6923979618241987,8.533924243626707,9.480893751885048,12.175838340567672,9.269897643485104,8.842826724236623,8.11504237951455,5.059538007785821,7.796145319568008,4.917133326950857,5.86183247112443,13.036653065711494,10.404831225656844,10.881831796631296,8.661353896808818,11.285532484867264,3.534703182117961,8.868082972068711,9.400086188455136,0
10.350583905109902,5.940590986259672,7.996086728847549,10.633087201281905,10.408285870981617,10.748038613184804,7.405501734332168,5.404603767555371,7.540743696057357,8.396958732123082,8.815528531205333,9.86125415689946,6.5995599253898,6.414648305452544,3.927587039214264,6.675584821993561,5.456443033948264,2.208422994813068,13.46928434933198,10.41439055158231,7.44578511684504,8.794190376093107,11.992580289210704,4.277839847887517,8.625309422612313,8.835926894592342,1
11.413691172427532,8.912181074221163,9.579606700226636,9.231085492821904,10.378552301794755,9.60855907175317,6.979578944082104,6.080429077752075,10.514215956693391,7.289879542344182,10.768003210394989,9.491254139658263,8.758412274850023,6.601355784050817,8.182260118060166,12.28847183116656,10.762501619235458,9.331434928122718,13.01398905753573,10.300944585154062,14.634377430380791,9.304859801061598,12.015809778587004,6.199470401959447,11.1089894869433,8.657140581008548,1
12.04753456213558,9.833795747913973,9.933099594587285,8.116700527112435,9.250616319667753,9.765138079209164,7.827984728000579,3.93513604739148,9.448079314036717,8.868689141905769,10.475545381928066,9.37044596152685,8.601301897038404,5.602559692882242,8.77962608790344,11.477647379326022,10.081172042573431,8.770183806948118,13.080156462953186,10.060978430862171,14.422311959701648,8.61121124754357,12.573522438557406,6.121343610850399,10.074636622909832,8.53318149491333,1
12.064678145314058,9.213117877742883,9.828301951653724,9.102666225204407,8.76387035148165,10.105403609689931,7.171033629771792,7.487108178676049,11.767118418071592,5.772874548146475,8.321102560227887,9.162936411261212,7.928542361411219,5.664838058531784,8.130769048348732,12.386726300195958,7.729224360395474,5.0428485468317845,13.81031355261155,9.55087390498408,13.303032030351265,10.088105585730954,12.41173009214447,3.803941415128359,10.390794348627226,8.421958835438224,1
12.052177862235812,7.923133654448617,9.283252507255725,8.666624100642665,9.329208661062742,10.307883051849496,8.611172687995232,5.861156811841061,8.856086832592176,5.015097644832075,10.917983466432563,7.824022957291221,8.097881690520772,5.596033271970564,9.21508276540237,11.781558740011697,8.16856725128994,7.26269218329709,14.736063435518838,10.11283436293224,13.00571046278225,9.590330303518414,12.66453662357416,3.594893883207036,10.658219994417593,7.829030802935531,1
12.555547892245292,7.852039623853116,9.71895205957528,8.984486181422488,9.327589809135103,10.077043824608674,6.889282058012094,7.080805228344302,11.071877539319996,7.439867150095777,7.882472364409885,9.239225222419394,8.002540198771934,7.369797233929246,9.28637321510167,12.070792492241768,9.28320121062736,9.24554716079466,14.127881859236767,10.108368003208522,14.413343888785011,9.790933775463648,12.42958237494055,5.005195585894351,10.023588448752571,8.397896674455248,1
11.66893528205162,9.52133173413928,9.91643130040928,8.31547927252457,10.520703090300952,9.995602251634766,8.41160338710253,6.946309489962442,10.888869172620709,6.726366927842323,10.676174351104482,8.914151142236973,7.610299778249064,5.507717674882794,3.496518708039269,12.257897985445874,8.623510691967157,7.87159467564959,14.199959392823096,9.910282477681912,13.803553649721962,9.73572045862273,12.258419849736253,5.724629629783592,12.085885748686904,7.950061104443604,1
11.79728709026866,7.59986059743531,9.910354806345492,9.07324696250393,9.405324534193568,10.397746018914894,6.961778913982442,4.453156302072098,10.339681056658328,4.568794101800055,9.373802619613883,8.308169144470627,8.28475384271809,7.248896662774091,9.240387643907834,12.212407568444902,5.822544333264145,6.888789698810633,15.035620895537791,10.467105660005227,14.237036998974943,9.641493591213132,12.659475949504827,4.061390599965583,10.82960636300892,8.139820797694064,1
11.997137811031475,7.5035569454293265,9.655639406203294,8.115214445928707,9.753602567361842,10.398864357595864,7.090713622354072,6.125685117578574,10.50167612100226,5.163137425093354,10.903823240787611,8.48842269691454,7.915828669199378,6.224935157265085,9.27023608645318,10.98798876443319,7.448769013360597,7.269094028284155,14.306334684237054,10.137220329796396,13.588711098615615,9.30833615072136,12.9837059269884,5.961432137202223,10.866509485222444,7.890482406649388,1
12.214189412247295,8.653682968447177,9.114665605026328,9.374015685219804,9.942310210273558,9.729535539221985,7.767296224016734,3.9992190651894073,9.84204515374742,6.744339223776642,10.918802971659208,10.012437159047714,8.392741239155198,7.406286839085326,9.163504673219292,12.420196869655854,8.707218000057999,7.60289402679353,13.84564397876096,9.993144733170311,14.411963133253607,8.726757109947934,11.491783070178162,4.473084098280147,9.646007039848534,8.510126948481455,1
11.04710744639492,9.322715549734449,10.58674123856344,10.727490146112237,8.208660825802609,10.02740185834664,7.338592504333582,3.859431834091033,8.981213574804572,9.85238314383126,11.114096614726956,9.488267738612551,8.279925067526493,7.381742320197995,3.199923924154585,6.367771373065671,5.651763703295467,4.509646416372501,13.173715270426904,11.634771162342036,11.45209170829068,9.216962512323184,11.448599336008956,4.624227608795128,9.13613724388339,9.077494291910345,0
11.969025389607738,8.316504347490646,9.956617179097266,7.541708276531352,9.421651707776642,9.605116992863884,8.82013957628544,6.220600930427298,10.352494558434827,6.113115382221573,9.802834905802502,8.706724002131706,7.602117028927237,6.253400704807434,9.52033462645048,11.7796589476661,8.359182115507494,7.730473504943855,13.75148832395056,10.390351337433616,14.307226037509274,9.219331935056044,12.292427732313216,4.689049859790322,12.133977353220748,7.778657116232236,1
10.799722198136822,8.745455072018693,10.889327012514569,11.049317699484984,8.685071443561952,9.634247795073202,7.091635905610968,3.082953343827357,8.753866432665436,9.277111155592756,11.017321109196882,10.218388576445545,9.111368453261214,7.448485379988218,5.210869925365215,7.054215863466844,6.537473094743472,4.215982935404133,12.558704469057664,9.389085383408473,12.108658828798974,9.42703170755446,11.331839733942305,5.798969679683958,10.030819230477286,9.54559283294711,0
12.265424631487988,7.666374708447007,9.38305959588146,7.153748665955535,10.135804992757834,9.92039817773129,8.723822742611759,2.910729463660086,10.482198707960809,4.582264575144751,10.945236370602178,8.40469593212199,7.049686790202629,7.019756623877847,9.192511970921082,12.148361378260642,8.915873458974842,8.395728385144833,14.333464635839896,9.927161911596386,13.624075992359549,8.909149147271533,13.022754013200306,5.189650813533926,10.182210433923034,7.740151067384494,1
11.532425898664554,8.092304873400908,9.464200996110632,8.198662493511339,8.797827473371106,9.691599748398916,6.92320113525894,3.803257153545622,9.308208945690916,9.019617315305885,9.528312250724492,10.3008403874156,7.765290429326852,6.593842786551839,7.782917984387022,12.658629381711338,7.398561663634413,6.822733389539674,13.027408912290936,9.64320768079921,14.349380137770378,9.18926016260475,11.920142205360284,7.030429421285394,9.540455114183017,8.983663108931106,1
11.85490608220569,8.650322354549925,9.669965087180485,10.4310970442292,9.733147843623248,9.5597670835748,6.839142291605089,3.013406701892338,8.754866675143319,8.37861600277,12.375830803343932,9.273232560572128,9.109601919842666,4.369755751876002,3.885139328343043,8.596720898347385,6.622542593639677,3.0821778255607843,13.237048510523314,10.083813191937775,12.75167315713462,8.948281080493228,11.74699027891352,6.518721351877245,9.341754188819904,8.125487515799175,1
12.52809536388454,8.246219809525025,9.643825280493983,8.312185713151942,8.29370804702668,10.102796529493236,7.122869913802128,4.408394483008451,10.636717894708765,5.796851886003463,9.393917604899697,9.612328284630692,7.359872025004832,5.826753562521935,8.898402192999901,13.099199806552097,8.84173320791721,7.681674271748415,13.254215067099496,10.539703724301278,14.153516515891454,8.918169389784955,11.685518015559992,4.82365573428488,11.341208059438332,8.669616640959031,1
12.012911299875343,9.087610251740564,9.849449224507756,7.893143646348109,9.817849699390813,9.895591125542332,6.154212308739952,6.904384082537501,10.571573603470789,7.431721527143427,11.22906727704354,9.616154654663756,7.153522653630993,6.216739215520728,8.571780963104256,11.26674130582274,9.134538164310976,7.924562952985749,13.712408293737685,10.468729673784994,14.247447395564828,8.96208742731454,12.097924917880722,6.452913809712047,11.45939961178392,8.085860283547783,1
11.229859203969689,9.461573448761516,10.331660722751634,8.311685869563018,10.039646970130455,10.489753617129567,7.175286702154849,4.503478597142197,9.723444270343595,8.439824489029156,8.838241158504001,9.309298390279857,7.246858838218755,6.048202953738885,9.185798883456034,12.951079481626742,9.287431805400868,8.090488904327925,13.950613234696451,10.48461710026545,14.147389292951935,9.641318104465038,11.986011921154798,5.985408246654902,12.321012068027166,8.412381155925113,1
11.299784801749723,8.32329207859137,8.660404694351922,11.172730420884228,7.765707933658539,9.820934707952985,6.753800284937261,2.5923142915859345,8.136748359889966,9.418248199152588,12.979067158352274,9.182707798478903,7.916194787335617,8.903482647019048,4.123215985135093,5.531579943214688,6.02418376564689,2.255904912240671,13.514399064933643,9.952898787090222,9.403637810278752,9.670525853286644,10.920143469331736,3.9842795781715856,9.427892411026797,8.720894237735177,1
12.118455122169909,8.942111782394496,10.11075068371253,7.919716583624131,9.713182207433158,9.967470219354238,7.639298075599576,3.498860258933461,10.014235396270278,5.927807254213117,10.304371551225804,9.040848217551554,9.093609230650788,7.00155720806983,8.957427496041477,10.99620015367408,9.471292502052208,8.781024589166673,13.888035849831091,10.18673266814743,14.152692476222612,9.416688775848993,12.798354456012929,6.497770406562447,10.760067590418672,7.85809047137638,1
12.033396695108804,8.837447501080215,9.867092355834028,7.4741329686854785,9.74701410427095,9.947995634150336,7.85981925909957,3.417171918224275,9.504973357581315,6.828267619509547,9.209931516007726,9.294381816398174,7.824008084400655,4.172526292622965,8.800884587451586,13.052288652746684,9.862409529724154,9.24595977355744,13.590678074052482,9.888504214613496,13.9850545287459,9.63821127178138,12.461130266475486,7.33044411318449,12.18831393366765,8.498688147098008,1
10.611028638058428,10.300016988915534,10.581647388393732,11.661173181740448,8.351539508357844,9.499719191646792,5.854035233481332,6.482815851150044,9.578905208540505,9.652423565022312,11.65838988392375,10.236983920171047,7.174613618264365,7.349433176733069,6.343797874856657,7.082206692775364,7.43602921331546,3.058232393588725,12.239459677763914,9.820082328127471,11.394265211891184,9.148347184929849,11.32707345186502,4.120109226492779,9.156419077287907,9.585476423122747,0
12.067535454442655,9.219390938194277,9.298154530801582,7.849762232973322,10.595139580424728,10.050987759258025,6.197404507221112,6.721371869338841,10.8710415868429,8.075544930442122,10.953429055901749,8.824805980023916,8.103320558567464,5.729585112372434,9.802486609943038,12.255079981062572,7.109300218538555,5.377492441836877,14.443057413410784,10.3928421767636,14.700709086310225,9.37941125809804,13.031972080130606,6.633014055820559,12.437532427439711,7.844425954220568,1
11.385778935143067,9.701399201440402,9.60820271180843,10.606373103359864,9.037798743537069,9.531543721395296,7.414551935914504,6.162196664872512,9.54816802518003,8.693451652995657,11.81545703100574,10.007916227900372,7.321847166724978,6.8860372984651,6.758203134786495,10.1766204707876,9.55871971479384,7.8732348534805565,12.798414844350376,9.897133639749178,13.03664816108561,9.34763381333986,11.61168412902474,4.704937714939111,10.151830091899685,8.928817968088017,1
12.05685337098861,9.588946510161025,10.46225091254586,9.374644504546772,8.694352678936216,9.870551733083676,7.865038612154762,4.255850134095034,10.174187328334693,5.166246747872225,11.1912130175895,9.19623461341161,8.960878326578023,6.133201942043349,9.764018028708756,13.098341719420596,9.323168834963417,9.038991710708,13.527185469184897,9.811368579431214,14.440709803909082,9.48272052342296,12.17960965909626,4.8072676988365854,11.49294853650483,8.375968520748069,1
10.399080798870456,9.54456426808017,9.987330088323938,11.209379936015,8.78892473101781,9.843412668809153,6.014434094565852,3.683666741387896,7.359806684518221,9.309853880728022,10.728037356813322,10.213199010927784,7.411986624325949,8.103996910260763,4.442496955265634,7.644222970857614,4.617299360694084,4.140974996398114,12.334362287778236,10.32177387066829,11.708820651958256,9.939116373375231,10.679046341901197,4.641064820037617,9.517083754230756,9.564880518568932,0
10.908328976131749,9.342443015381615,10.33587561010824,9.923078855048455,8.985397979203562,10.11254556425208,7.134411731747916,7.276389543714986,11.48843086950812,8.286491874975068,9.028333363905965,10.87897329269598,8.219019544834643,8.777355086529422,3.393185427259698,12.464991689626851,8.352459583460485,6.706574381281143,12.824229956905356,9.26084534162734,14.793876180995628,9.433650433135698,11.838110982326072,4.557357175249297,9.79105876854883,9.177233148296787,0
11.870502076148425,8.835859621311005,9.865920756561676,9.37344085538068,9.755777760367865,9.154815463908584,6.630393696259152,4.725206560607032,10.353379695974944,8.548631632924044,11.28085773315535,9.515001410099623,8.422869171439986,7.585619864377767,8.557606200826623,11.292818337300158,9.528436321670435,7.704989893792833,13.57111301150497,9.348087514343367,13.89140790641026,8.873606633668121,12.147852204184742,5.350107077698437,10.070126529162565,8.621100689651875,0
12.61091687771459,9.750011754714984,10.272273314648356,9.755221936725864,9.10948484629852,9.373927497820093,6.046798876982502,6.099605667025367,10.947870453795035,5.469795272387124,11.539812184340656,9.758896536462464,6.819650152500644,4.797589295769139,8.7500249219871,14.177524908367571,8.368482064776698,6.641629515413252,13.5434870616692,9.673562622601692,14.522382454453544,9.504893151115,11.920623599025976,6.71477820665371,12.054029935699033,8.756948477832095,1
12.140220781879794,9.768452207223325,9.719610691813632,8.61912027787534,10.481606274211575,9.557841531519475,6.355792997271684,4.262460683261885,10.64257859882243,7.229550225748742,11.834903564556326,10.053423690776173,8.060691881049172,5.961445266506883,8.888871802725362,12.89725274461019,8.006492540495147,6.424033764237888,13.15608653143594,10.296845147029805,14.66397424876839,9.927109162025229,12.164202431560645,7.389653298114804,10.365953934582343,8.925493647080808,1
10.4826317224995,11.21435616911474,10.169752216197637,11.011565994603387,8.06052087735471,9.1577867820012,6.405628162259284,3.772640502906016,8.735256656981678,9.343026735284894,12.36126498937448,10.330241480321275,7.623688148847045,8.056893374606886,3.676065097810455,8.093468909051936,6.134242620904393,5.444392535735841,11.587663104584786,10.335949563222018,10.3666459950676,9.0529528605319,10.774053566815503,4.839377345866795,9.578676770886592,10.156472374569598,0
11.546855045745684,9.309212413201562,9.756552344894942,9.070010403668311,10.24909169807741,9.362489317946022,6.100467700158685,5.765418390401145,11.086137824285151,7.73969730142873,11.924997165230447,9.88709978942723,8.389914511431996,7.215137285380307,8.035568046785471,12.28069574188885,8.61028180789932,6.841399420813628,13.582151483987102,9.871862536563766,14.095677230758993,9.855858319543884,12.42801948229286,4.16471780999388,11.100917674468327,8.778763759209639,0
11.275184585185649,8.966024763821265,9.437319521373622,11.323337798007334,9.13667769555128,9.754211773390322,7.01641876174924,3.1832987046379366,7.394052565409867,6.696851784576453,12.062812288419408,10.381185250407071,8.419090340002604,6.702689328219342,7.398662711466315,7.338958515916155,3.501290977033517,1.4915313920713944,12.425685902403997,8.751517424433455,9.79627962684986,8.849507893854183,11.402807104148344,4.467639026623295,9.282161000429996,8.896819307136509,0
10.997837193277972,9.314828901868504,9.64693644258048,8.637167024495783,8.452763695322021,9.663509136459934,7.476208845114836,3.602709743875848,8.360838168689881,9.35175104539307,11.138676987645164,10.121211898990529,9.116023320606972,7.20490868553761,3.606714563563064,8.648515529989153,6.1648638482918106,2.6869396615034646,12.151418019846174,10.21547829734704,11.200070055076996,8.474724534746013,11.448230473015569,4.883663823209616,9.611012792652392,9.329870463628335,0
10.992417822960244,10.132535005020197,10.147357675549802,10.03925375597906,8.77970129858286,9.823436909113846,7.544836208530431,2.7113939834784837,8.680071530390146,8.328999829934544,12.057570831709649,9.985979536775934,10.544236526470172,10.721869142635954,5.7821101327927416,7.991914893451752,7.097140598723272,3.0839830302410776,12.308857199517403,9.817821712462504,12.051577660513429,9.32859384018282,11.710475680900371,4.7900949670242845,9.647430928551486,8.594342711284302,0
10.955199596793667,10.687456668679784,10.593280988319506,8.681783354833696,9.348970317794231,9.31955059321221,6.887446196534016,2.6953314319962804,7.782958413271831,9.097952412857586,12.324444231111228,9.950021307258332,7.350707308249837,6.665856776052665,6.334748480895602,7.625986717444707,7.40103266727967,6.922776429949469,12.348427878902744,9.80243299682214,10.357523021265113,9.790378440022533,11.907053739608726,4.608259082217129,9.951709322926048,9.145773114378022,0
11.761882551835168,9.544064579255249,9.950096145839105,10.822822429410827,10.236610232893383,9.596428944182335,7.29104858633988,4.547495883043794,8.651737410368183,5.998183931309986,11.16477478633742,9.989278526045592,7.540673978136807,5.85267731071218,9.006095421200879,9.828644678885691,9.297976060591331,6.891659813895415,13.00804388619686,9.889200895978483,14.711204964666518,8.324648250296592,11.848299099320425,4.590562565237066,10.8340814351581,8.425036412507783,0
11.31063863711259,7.61012456432238,9.856128939954624,10.079866343321717,10.033875794330513,9.794204740282094,7.229140842865139,2.7044922407280723,10.05389034255894,8.083199527712463,13.425227198767384,9.857561370254952,7.029606494417135,7.023858770861695,3.338446000426299,10.93046516979908,8.283088331463496,6.500304616545225,12.934490095395969,9.30132443481592,14.621022995932416,9.629593379249064,11.50045209971494,6.885502282677985,10.527032542660455,8.698351863148298,0
11.956944969719324,9.139550580925173,9.350818994439123,10.680976096784477,9.831235272420727,8.99442538065728,9.283985419661567,5.894074914023274,10.177325174697206,7.541374582620269,12.453191441076164,9.724166742992288,7.181450561413163,6.140356548487108,9.295089437742124,13.828394318539967,8.997465184690519,6.631895518786032,12.72180131427805,10.001555950998156,14.765645293509232,9.144903534355484,12.07897807812403,4.995337523794991,11.7749228150594,8.940362312554761,1
11.951768985163891,8.200792982590174,10.30866014312861,8.668148967129381,10.067588377275705,10.0121978064205,6.951923824023835,7.470536878547685,12.334492865059064,7.52573493178373,10.7919890863549,9.693671158758203,6.846405360092587,6.543309607154202,9.449695032791048,14.0476971609837,9.628416977510316,8.041634510171958,13.681868137190818,9.692955458600446,14.96470114014141,10.1101879794631,12.844560165584944,5.397438760905233,11.355591354918367,8.497936144092721,1
10.727834425031046,10.260406290162596,9.850209872684689,9.863826117974066,7.890408496300728,9.724729841729356,6.112258969841215,4.921445811659169,9.00741525528185,9.079528705770556,12.342941064311384,10.554522668828271,8.399645777719389,6.262960151453003,4.093947422490913,7.732515200830712,6.634414414349701,3.615428121967848,12.561938773784734,9.393262203628844,12.1749999955488,8.86838635549323,11.417069276631311,4.029769685537428,9.819582709944306,9.752517262900376,0
12.083813524979131,8.617335664080068,9.846373207692118,10.031816836114546,9.488172414158418,9.2861308263804,6.693888107478056,6.785331839161125,10.993742991281438,5.640656459700189,11.277952244931996,9.532675456574076,8.69498387131907,6.697408673272399,7.125497991618668,10.760938334908705,9.246016841615864,7.196846272118073,12.910835262056208,9.878184379777233,14.034926698982948,9.321753154276376,11.9503950874124,4.035851639738331,10.21435202097529,8.833469271925395,1
11.977937996554662,8.949911274309425,9.884836047569264,8.54392427248196,9.624950882956009,10.10961646418711,7.473451410967487,7.171800584812949,11.17369001973186,6.592754825259577,11.554755808533532,8.860326414202934,8.053597683917406,6.565117566763532,8.792031850055906,13.888583568307876,11.328554199152071,9.133428258228982,13.498560351605782,10.170378056799738,15.00197305553776,9.993643148765631,13.005375138995047,5.308533232189081,12.4968458296528,8.584426915747219,1
10.775906060962424,7.88032961024614,8.28266290904866,8.087109387334573,9.796391966897229,9.878848872885346,7.260248548156142,2.900504989219004,11.332983954440037,7.257776033603637,6.879142409982515,9.997855240720872,8.9067103254785,6.469893635199923,4.595540510545423,8.086636038136136,7.402258204646541,4.044782873274985,13.702084797038372,9.234563847568374,11.588448570695146,9.99209513697554,13.217745782121318,4.37146997881344,11.906864496026026,8.875224105933455,1
11.2169178232031,9.017729836131537,10.13423564077725,8.60926883879803,9.815991083622686,9.802294556233017,6.623032959111981,7.070019294635878,10.533353948745429,5.806669014946501,11.08330985890048,9.403896627940233,7.6434674542677215,7.1325134005946405,5.941622209934038,12.706645552374932,10.43145879936888,7.922344349417169,13.053440726053672,9.968672282048916,14.659424996940071,9.516142602120576,12.460527689372642,4.141298568685535,11.746806571751517,8.375833917067272,1
12.229699312152649,8.664833386809521,9.923588773985374,8.510306849116255,10.418019835730902,9.859324109370544,8.791078758748633,4.07425566968881,10.49718296423155,8.479338209375857,10.227781818680372,9.354748486156131,8.150918373573653,7.587493998723925,8.46812712268997,12.85750351007062,7.098576501072914,4.55083533904714,13.582745028881384,10.447797331371392,14.792634156195945,9.420650255759249,12.78803819083272,3.593389308739048,11.686914542646017,8.814153044869213,1
11.983711504845807,8.509529490685612,10.071551709711208,9.396061186380122,9.00146647182994,9.859102739802282,7.635046386030972,2.9154425360750165,10.932955731502428,5.788682691184128,11.514269191029287,9.59779485434568,6.340842759052913,7.585807051560393,8.067294950145543,11.374669799250029,9.127627632064188,7.544430308701576,13.994126737298764,10.252461727211983,13.842574827345873,9.717872724134857,13.12842510196145,5.846119879634717,10.570518522490534,9.116429593763614,1
11.924802404643632,9.526195137971628,10.06187687523179,8.189882253630618,9.44958196981421,9.860176954140623,7.335943561278375,4.245272903923131,9.987133882360403,5.485002094717916,11.866718366943514,10.023718061607427,7.227682986942434,6.429051836577772,8.718759041980418,13.197295317095866,10.301855183643989,7.294002721389142,12.69874390827849,10.169220244273378,14.764359605647863,9.43582790569325,12.28196401812204,6.420960076740373,12.411034393864806,8.810882036865216,1
11.651488748675218,9.807926193141933,10.506431736764393,8.490657093739093,7.282212082376627,9.803065891087044,7.293086698530226,8.059011018006016,12.17004795447288,9.669944855680091,12.439651119820294,10.317304525934052,7.822228010687755,5.838983682558217,3.966767968547069,7.654123441284398,6.898208685941784,3.7583440198597655,12.803206891920471,9.557436492435516,8.676293177952878,9.165022660626231,12.88137456188584,4.195243898497789,10.15271281083136,10.42149939861072,0
11.376894921266407,7.6238820145178385,10.61823148732485,9.16530212357308,8.895060082040418,9.914569228106409,7.312840429352183,3.346502305271894,9.499359918294536,9.877126293650544,8.607186343145846,11.35522661617173,7.390421614732411,6.632744702733714,4.67454966204209,9.53531324300974,7.105276730950855,6.298237481193794,13.72028901231496,9.161958911619418,12.284324715912348,9.976317191210068,12.594131907011754,3.3734755518017723,9.435727074536786,8.972010554001656,0
12.28907240168158,9.583043463396768,9.916401067460589,8.447533421932564,10.419986641976733,9.12650492382609,9.373591537119164,3.8052681997747575,10.47562933421793,5.828304672144571,10.242713139923929,10.043311002756802,7.699332871616959,6.0391744820343085,8.884989000879836,14.11559135714358,10.911145740080586,10.09480182175689,13.408295387259116,10.06671135302392,13.93594661564764,8.546475745814293,12.407109521878684,4.088417084288949,11.704459200840583,8.566465064893178,1
11.563226928728216,8.387836276916497,10.30010201337864,8.501319778766021,10.77291183677688,9.651999228910316,7.119960478713078,7.0181034874780135,10.88204580445563,7.436085943533671,11.618717788461264,9.716334431861812,7.023618014831902,6.473053142795687,8.588277260516852,13.006272157322597,9.179903056918242,7.57799739922779,13.20482633928391,9.232733977864118,14.780851238549666,9.186614653767789,12.61183143933015,7.2050176160038015,11.671815580450785,8.309196085390175,1
11.189867972730148,10.049236927087,10.454151739106395,8.802079427740685,8.665713569345527,10.063906685426309,7.437617597289627,7.208982978179733,9.878784704887783,7.536038238801117,11.422095060627996,9.562861944231498,7.805791932300286,6.0500984760176495,7.631735074552578,12.761120005529447,7.954553600259793,6.36386787105724,13.113969033432316,9.843609369429345,13.296464319198412,9.046856989659917,11.886823129488237,7.998646079198287,9.78307841611691,8.662611862185889,1
11.964035132083504,9.490943299517602,9.451451616169203,8.823449134566841,9.991242732113738,9.394403472774815,7.099493345148495,5.515690583631812,9.888682062383005,7.580992869268957,12.07692775537007,9.869441790288386,8.129061247004367,6.623177516229364,8.79715990954057,13.255154727639468,8.703886327021378,7.821430645315608,13.19937516564964,10.16201588195794,14.203551888699767,8.492290648688238,11.92930001216605,4.301401720732725,11.612886739430952,8.46764302118884,1
11.818112416469717,10.118031899409935,10.158494426004603,11.638458329698668,9.64422460160803,9.489997804971456,7.436076998684171,6.297492784885046,8.177228203782132,9.135700710261384,12.091315909604411,9.916671163970388,6.403345880296927,10.686778601641356,4.133772574766454,8.437171384162014,7.265216721593096,2.9332672080615465,13.195774094015412,9.707129731947829,12.50430383741341,7.851341803313302,12.602723576858615,3.793116575671398,9.216867505867066,8.374083168990984,0
11.707097327567771,9.120840887734436,9.845527104133794,9.191153532180063,9.03482931649652,10.44307744956067,7.492913116733902,6.078551845042626,10.32823226789241,6.549210516693808,9.798729658836969,8.700956215823371,9.433742607866249,6.48341358194495,8.182536434089977,10.946190124732915,9.895909328175586,8.282914119313077,13.069476255648263,9.599717105240511,14.355171524466316,9.273818006011908,12.619673945106197,6.151349423664762,10.990104534134634,8.486363253133614,1
10.897443710998214,11.43306782458026,10.426555615418009,9.8040439828096,8.601396813194004,9.927804066894948,7.363247701746296,3.557583386166682,8.573103861090399,8.3206054997366,6.816652744583757,10.325942525087232,7.399149769291135,5.926312361133991,3.7048570040770334,7.286709707631941,9.406269097047817,8.373844348976828,12.624255698750332,10.292235980172672,12.045452394079282,8.661505860394598,11.538852713700065,4.474795432286781,10.719799394458242,9.23627052927281,1
11.909968259901047,7.794967323793946,10.138265663680476,8.768111540287943,9.6141540681225,10.088510617926715,7.925310260078554,7.130796735423711,10.792829717567043,5.9820676134753485,12.114176231328894,9.359615566917777,7.749698861379008,7.241733237962364,8.84153926060598,13.004123598203096,9.548161924274066,8.546434814562245,13.376699617155538,9.959620395779208,14.812335311200826,9.192290632383164,12.45834061187286,5.81788782312551,11.92223914321674,8.537004882316959,1
11.191431707998158,9.713223777681687,10.45335156374253,10.820208198251253,8.356667873149865,8.825492123212575,3.424849419241585,2.6719657033151667,8.81075934105686,10.339342390059644,12.943236291323858,10.51065851698564,8.117372314773228,7.048530737677921,4.23122586841416,8.84112786456925,7.1009979862429615,5.67896012277672,12.34771501280284,8.901410624259915,12.254562788192134,8.407989080884612,11.5154632845599,3.400134962667789,9.377589907015206,9.07659574954094,0
11.610698333334383,8.988323499715433,10.390073881213723,9.686909125822115,10.014338012910136,9.183177549735086,7.769540885872756,2.575849666239677,9.69486350893547,8.013218054574534,10.784113933817958,9.743260322293215,8.782516493626021,6.653163213899248,4.390156221468919,11.366599361170207,8.650691230516339,7.937796833670257,13.051503696033928,9.567828986100103,14.307373155028529,8.556556643785987,11.835531777449782,5.9998109807778,10.480929255193518,8.553687371444482,1
11.20186788054297,9.173960878421273,9.269810553131656,8.875325745800177,9.717694081799928,9.914136221372976,8.277465465285506,4.994862188605823,9.548692848917003,7.87173292808356,11.46851315661938,8.722456258092224,7.71275355025714,5.56093433139632,8.516094663430371,12.54792898038197,10.108257467271356,9.293750779666526,13.040280544266963,9.888830458828815,14.22123624561604,9.907176961917502,12.32072777029836,5.1391402401432815,10.216142086323533,8.371510458460074,1
11.094752119709378,9.257107537576053,9.955614223503922,10.877259320859924,8.255774413516171,9.389603883439822,6.299878676837991,2.662040602570589,7.942992105884549,8.29188932078012,12.776644430672247,9.656900609273931,8.346871576853939,8.350293969107058,5.9001991121050334,6.53656782776522,9.14521465750498,8.771118022973088,12.95771998096022,9.396337084817068,12.130784931106076,8.620707586900028,11.972395522488156,5.153463386731752,9.104260843445656,9.385786563042112,0
11.788429454455436,6.935220087652977,9.16359287761101,10.27290815626035,9.42452977108778,10.232693541128471,7.41451523121285,6.896331955375064,10.490978473551277,5.763973365050814,10.93384281691666,8.652358080094473,8.114725992867108,6.304773754090856,8.534972123539688,10.957167750637282,9.971933811888444,9.245905703241045,13.8051073672694,9.474019528813283,14.29586198859405,9.80098471766867,12.887683869084906,4.977701240096435,9.973244651735236,8.225065392618621,1
11.824279002652524,9.13576417279103,9.868032543313278,7.44653573033862,10.59312469027357,10.021226217024816,8.258708708060365,4.483085155503293,10.38707683778496,6.137859283047009,10.486973284627942,9.137769082834254,7.148316425359516,6.890404072126131,9.555082401086672,13.386791567059008,10.464378898379042,9.2577195624425,13.16018029803638,9.966742935598006,15.184295942573112,9.19231156297371,12.48714766579564,7.438695261426043,12.63339205365154,7.98497612394271,1
11.298837104033575,9.892960968884394,10.6118873206773,12.469651168078164,8.492542600338494,9.17774315205564,7.0944495533475145,3.420081345105367,8.158214760013701,8.733106614908937,11.74418879397465,9.415157371809515,8.866101021000214,9.49704307073704,4.9874729244858855,8.008268742994064,6.037629239548925,2.6977404319134344,13.11384435382261,10.132390337991222,11.362976017827012,9.322515980797286,11.683279636583569,4.5900705866237255,10.147707943036282,9.42635180915008,0
11.51360004279728,11.373524100180306,10.066634330658344,9.122726985196614,9.354290757806073,9.398444466808629,7.084732665416492,3.835086753467991,7.8918595553536095,8.988230497687344,10.22864896841129,9.8345771851202,10.55020945075321,7.128662617236613,7.665991841907045,7.9673930896909315,5.818563353665987,2.8969409604652867,12.969387112997577,9.531515455602158,10.709912150777583,9.183005130211676,12.02132502513015,4.8140428218061375,9.100524047312655,8.62939881406015,0
11.27386000211029,9.484413692597142,10.063155190195502,9.082740732760334,9.17235410278374,9.69245662426719,5.498615772563115,6.714952434426656,10.209614767274264,8.865178524191567,12.41044108918654,9.296747049530374,8.549592274666725,7.657447114244106,6.23192795754015,9.091395190093422,6.871972534491874,5.74139500741159,13.455423555702623,9.711328863322263,12.56836396357814,8.470502404617909,12.839251658783622,4.432526914604415,10.236220565707209,9.341913913515157,1
10.970746563336643,8.808920511373199,10.158971324054567,8.55442194666903,8.780219552038421,9.547491901657352,6.763450310366572,5.858221759295472,8.761668112541853,10.517077566157552,12.854781947734676,9.533019326563023,7.687938306152516,7.85147384846618,2.495955572609837,7.849845951218603,6.382503205930128,5.117365589848091,12.505507534863124,10.507123752766232,12.51358516937379,9.33921428713766,11.519527312682431,4.425873029253787,9.813856101178462,8.942757279295304,1
10.53253559171903,11.49959495208832,10.5998357077802,9.644377771487314,7.505623469971823,9.471004205427027,6.312732667037171,6.300193284065808,9.810135806176946,9.39265074618157,12.105750212246512,10.892239194798092,6.813239255235931,7.548515038827189,2.34046577410384,6.240005741282983,6.445768440475269,3.2517785366803045,12.241054837374394,10.061399726041262,10.834310216854986,9.219587284200951,11.22906345985184,4.112445632345089,10.62419347914517,10.191989826236512,0
12.637062739990611,10.225423768171876,9.342546947548604,7.1897762896388535,10.42897608816784,10.198098626200164,6.412620816303009,7.082168718610381,10.900128463220767,5.656129414440385,10.861604191480271,9.388989084528058,8.055867574990693,5.866984972867667,9.37853373263988,12.71469826158504,6.24354107719734,6.109940841494026,13.24267234659095,9.78572835735249,13.892548006543866,9.335684382242272,12.781523035113189,4.192648350775777,10.909453746335622,7.884709685073209,1
11.998436246830895,8.555997826638018,9.797298114568882,9.381775818334969,9.43187809768915,9.523854889607971,7.731899140979783,3.5847374442921787,8.62445677555464,6.590933316471242,11.791140410588602,9.181886573217255,7.78030125007548,5.260641034477161,6.972343312015606,12.34169922822723,9.921250128316958,8.83103068440341,13.298142441675685,10.254423696524585,13.875825946600523,9.124943349172336,11.900145966838442,6.262371468924664,10.020512225063625,8.986793951982621,1
11.955883033389272,8.697854049300087,10.099896773355738,7.702930759604637,9.60747900637213,10.07674558878815,7.242117038657034,3.969337917277508,9.465695786685366,7.405301918654681,10.050031486655458,9.293966994676133,8.323765605410117,4.777871312329405,6.919296965789917,10.70697488037278,9.352782323532915,8.125683175099656,13.474037942674812,10.200784041278444,14.207343400286788,9.189300610643352,12.28323132510628,6.163214836692013,11.663340229535828,8.51753383383051,1
11.49037242276283,11.206064160084413,10.47242007440042,8.5570758686335,8.992291347356701,9.435243337829965,6.096675939989291,3.6086841522209183,6.60709752990712,5.8137147974919205,10.095140810734778,9.987535072501318,13.04174935166822,3.278592135698064,6.155092161251101,9.280167442910868,6.6295513974430005,4.8655793211528975,12.92573020447876,9.917618472449888,9.916896136244764,8.989055021768442,11.944646628068416,3.7678478520730354,7.295203509485535,8.410815198738375,0
12.200119652440986,8.254190702522667,9.014213367753044,8.395753463695717,9.877378896085837,9.719507226781094,5.915976393008962,4.956533685528064,10.507760022096823,6.814290263875344,10.891294172028273,9.261279869279551,7.642428830443358,5.90844061891123,8.827092710113977,13.156644904234144,8.797095289665037,8.054401403232674,13.179373586323186,9.816569891844903,14.77598494834987,9.080886255326346,11.87166573179972,4.297265400794368,10.685763757198158,8.496239501122867,1
12.163882479603652,8.682406999329798,9.998809896903026,7.547464075257754,10.294642239953824,9.784437688553206,8.520299201467978,7.631762990395443,10.607760671575363,8.097415542844326,9.741735980274091,9.104057845757538,7.279359503323667,6.792538133468196,9.23141014834989,12.539578977230628,9.165346483922765,7.485117593685204,13.620074150717228,9.88329163183042,14.340281395508168,9.637545318304625,12.636431550494184,4.466219899099275,11.607323311193303,7.651047609149163,1
11.813524330168356,9.565553074585807,9.58228316632168,9.901568628078826,9.374859796556184,9.834855605733518,6.945729742744683,5.974396861712584,9.597374525387744,6.82997844626112,11.110096542897926,9.872116942015351,8.387576790612504,6.749654618736739,7.368402984092137,11.116501150121143,6.843874807818949,3.0143291821301035,13.01047839344346,9.606863095903616,13.940344178040556,9.46643374509764,12.5170074983233,5.8342341951522725,9.397305586507285,8.533196947840679,1
11.059314440125098,8.959220869255967,9.061486449142256,8.895744707964335,9.620249737347804,8.749608026830686,7.01602555444599,3.508107746040229,10.593138129580712,10.77844303472398,12.585445071423116,9.474529678346762,10.40236488909402,7.997527574876342,3.972187715913853,9.624962843397537,5.957252974443583,4.921753382945313,12.56190587199514,10.094186404150276,12.82040829273777,9.244111436112991,11.167527189912477,4.18809626574191,8.954649036145527,9.52392404287053,0
12.29612785425249,8.92985652501796,9.201372658729708,9.739914914167551,9.870296390569225,9.94414261913697,8.319573603575227,6.843539535519836,10.447942758491555,6.30678399806953,11.071959931212096,8.841447154511947,8.477424864464002,7.033285590963843,9.264020560309667,11.89655183918837,8.214651398498384,7.791659376611026,13.716941716000097,9.96525258021572,14.29715053201613,10.28020273100886,12.815154396389516,6.514963301245727,11.353626322099217,8.690484728899568,0
10.164697895404348,10.391646656336937,10.01042862277101,8.861612512479372,8.376278522704991,8.892828986948123,6.996956025167648,5.758012439385588,7.669108186760342,8.205081661751361,8.903631859723902,9.638426186574502,9.513428989908158,9.552898218431748,4.568218940899167,10.532519210305912,7.024133646498505,3.347929239041562,12.981881864982524,11.987664304632323,12.568852819499774,10.023055032512652,11.329063770911844,5.079395977323835,10.29045571613426,9.504580707241043,0
12.064235304726076,8.514144331080006,9.578169295837656,8.251092619147421,9.86146856683763,9.665201181362168,8.280161692992936,5.14512393432782,11.288562337618572,6.221477031534919,11.63308959201114,9.61194812642165,7.922035129037599,7.363091166253633,8.275690325066737,11.504960678369743,10.565262352626112,9.75418490701588,13.406049004233624,9.9148244742446,14.83761368464887,9.549473279419518,13.053790162135046,5.059979695649226,9.801204928326005,8.837835221837578,1
12.13318748921006,10.711550002181934,9.380293360502224,10.029043218293658,8.886761420593457,9.528770018469023,5.516655505801793,8.037847006173811,11.74566429107683,7.189588863023671,11.444662780144233,9.148337988369802,6.579933601000878,6.733342060296544,10.081272218285378,11.926033436503277,8.247229120381853,7.2817638349680465,13.579579846616562,9.444367002176987,14.699493056115964,9.414726050699665,12.334095275668837,7.312808691137953,8.978120257164994,8.54423978012554,1
12.721090504145334,8.472352863073842,8.935115709143071,7.629636264577408,9.875346490207232,9.474546965333555,5.963024227555194,3.690573969478082,10.78814318087873,6.178835751542311,10.367822262120288,9.698409995236096,7.297961998203003,6.71290951435815,8.761025235292621,13.723126505084572,10.114717680217565,8.492796746703311,13.111900424945594,10.024365816185448,15.136075635624168,8.799754933922957,12.346203517751764,5.830322755031896,10.885495371467767,8.294624098449052,1
11.488518085088357,8.537508205883139,9.427271086800513,8.39201651011,9.71201148290815,9.832275373532193,7.863419091267618,6.728960560309143,10.572751166733656,8.442289745723244,10.148473320768623,9.543639728215052,7.785879848166474,5.979758669452685,8.053820638884602,11.372775790544909,7.994509550295635,7.107568496870711,12.884018042675423,9.949644053563484,13.528091313119129,9.72548291316316,12.283292204294275,5.49710592698126,11.3351211822079,8.397146443664159,1
11.840282243411425,10.496705205992376,10.897705666573689,10.322497959140977,9.628091426230274,9.127262073870718,6.321844558849085,3.8445881169962575,8.936492861274367,8.181960074709611,11.188758513239836,10.215179593139649,11.873223367379778,7.231235459486957,4.689720012364847,8.448354042671985,8.004014515729185,7.379318353533922,12.936815891627784,9.217577100410509,13.90440644364076,8.544794167418988,12.090389394294773,5.061015201135564,9.236059635720125,8.312392472304559,0
11.831762719022633,8.36977655865214,9.80807350907352,8.443343091920397,9.33256681969621,10.172912475357686,7.771864420102446,3.4744165483776506,10.478060101664363,7.696007550645807,10.61681915315734,9.607973158562944,8.965623398998495,5.917866475806212,6.90592006822837,12.63705400266223,10.156907780802916,9.544569822195443,13.624488144903552,9.973917205692654,15.168225990170855,9.621094255475622,12.41486263371426,3.411918880445997,11.515538866902116,8.576014668738368,1
11.929248201727845,8.761210185776436,9.63560708059749,8.098535700187062,10.391822880829132,9.453052321076314,8.028793520530227,7.215167812130662,11.421990202516328,7.328722058275813,12.52046121030138,9.610118462579058,7.337933309390843,6.245239717939371,8.898644342433133,13.9532466790416,10.63072128973464,9.99487512822576,13.132776521557147,9.735243592079396,14.906081004832844,9.341811886933986,12.188925796955244,7.051265704449678,12.005809395482308,8.642418963849067,1
11.935007231968084,9.158416749202484,8.998888391515205,8.349908296491273,10.850135662726624,10.03941569809846,8.558819821181567,6.210271658516688,10.59761308703063,8.253381734723256,11.908418510304928,9.573087716078064,7.290202670711562,5.43524644613826,9.647080519187524,13.444469528689565,10.17047036200952,8.912471574765963,13.380779365798324,10.478435843769953,14.564042530611584,9.433053650114267,12.342616718049204,7.063497363644872,11.844484780247791,7.983137337825123,1
12.211400481707598,7.656237905981586,9.940853016734405,8.871768501212074,9.981409388624012,9.993521954707472,7.674028567805154,7.505983004200223,11.34670842857681,4.172230549917476,9.181663776439818,9.09789627294187,7.270516368554672,3.770307104195776,9.385149706078234,13.99865209389503,10.931058848925913,10.310017115471435,13.56343551967862,9.98543005440099,14.74713437104757,9.166378274138722,12.6417150616153,5.309867955439345,11.131931810702056,8.693053945878923,1
12.105874101921458,8.926924417291689,10.046651777242696,8.355910992466338,9.752787077853506,9.751928998727706,7.595273340970399,6.9813166061197816,10.978918318114848,6.060645094982919,10.989520577348893,10.007789444473842,7.855509596703905,6.68437128454598,8.923311549556628,13.929337150416575,10.726211276903468,9.286585887236432,13.274152333923723,10.301795400037395,15.305468622665652,9.177558362838054,12.017581589259226,7.561487492477138,12.72922182040299,8.801308840106412,1
10.818883070438543,9.161132002450536,9.035409073062192,8.401486482944318,9.159254467087491,9.74226102542912,6.869768738301615,7.1118062204959065,10.94244231556732,9.379600105259442,10.922066318577478,9.769463122538612,9.387501184629452,3.206527353315865,5.090113705877559,8.20562321638159,6.677011312356006,3.145249208170248,12.339135832171785,9.46399997181459,11.530848781044432,10.64730142746449,11.080070026844554,7.408324527714705,9.018209024979368,9.552767253975857,1
10.831786964148758,9.99435099013514,10.94637197988592,8.822284631596288,8.15588776409391,9.403147151539844,5.654411317975633,3.5242838416967106,8.567358804244613,8.657653596581458,12.803033091595704,10.137367335823324,8.28111973306942,8.377065674727728,2.918414359724871,9.186719005504145,7.322845788402151,5.942076908899741,13.14976077791631,9.641911367585966,11.487304505244133,10.265082102214786,12.080889227262302,4.52137027692806,9.721337813351754,9.491891438814555,1
11.522964198591094,8.313382488894732,10.482952440159412,9.169949245282837,9.977760469109848,9.83779477392358,8.369653089672497,4.717878818146451,10.229633767172048,7.969294395944555,10.022276221200482,9.431657257631826,7.760277498216404,7.118094814623723,4.568936872594849,11.99423136386346,9.306405686198932,8.854600359962266,13.33508969182651,9.808992598686704,14.905309578288058,8.825029760392606,12.019255244736826,5.308356812931372,10.997113976418683,8.442781791047828,0
11.825091385772613,8.492555907326219,9.324919695861755,6.267281123129101,9.89483821771324,9.645252564628564,8.178342293837447,6.814052158783392,10.290421252880474,8.149588431797053,9.386715360361965,9.32018859796156,8.069707767893716,5.486449605776633,7.369731296503998,12.157533344324106,10.58861622613139,9.35929906773003,13.1711189887111,10.32826208983759,14.90307103720339,9.464369356028511,12.164712853686266,6.201341468455973,11.821681758746568,7.694313341661464,1
12.449471520226346,9.683377162825316,8.902421276009424,7.520331146651985,9.244623557281267,10.03738168354027,8.071650497068811,3.786867031766202,11.021219801264316,7.545568117553984,10.164748552331195,9.55716626095042,8.169649877533681,4.163418950235351,9.79234656534204,14.076714555746154,10.424680965092618,9.68274309662779,13.0506097003456,10.334532712836928,14.769205045793749,10.001003146111657,12.452115367110157,4.008012834152055,13.088494162666086,7.754007377700818,1
11.613163891357235,9.777112009436603,10.01469407912686,8.4367510207372,9.506096275310398,9.960629546521147,7.564380177656282,6.716220368610855,10.722223303621696,5.866365674923187,11.200585917316948,9.181570663814725,7.584783356922,6.212888235508165,8.458063605382645,12.281250488464591,10.819573535669482,10.351065753125765,13.256930622073108,10.037245871803174,14.8812056297948,9.63799436027458,12.305360908691997,7.2002336424657685,11.31928467749846,8.102138125938714,1
12.07496800801732,9.376519581475003,9.45369477674412,7.812340742664754,9.723335960921217,9.29441053138112,6.775716784245577,7.105709863345685,11.136802652878224,8.07069792030729,11.219517827421816,10.05427777456504,7.432413387660876,5.364390134770517,9.493158912495309,12.551912876067016,8.47795774235799,8.025365882075162,13.302354293125983,10.408891745009573,14.596487996126692,9.22510902762202,12.1976602246292,4.388768241472195,12.058292853956464,8.391980382341393,1
11.888320655975615,8.228366948277634,9.789019617235065,9.158183187643315,8.958995004417016,9.509206434694256,6.65503026808539,6.903556086869555,10.29983139114811,5.623472036874963,10.533668759098394,9.225232499887223,8.46204709578424,6.027210420748098,8.895902370378789,13.09555421118245,9.12750327610736,8.676091769541447,13.331545728107775,9.747275165136108,14.413982656541592,9.690849026447363,12.41359638553713,4.966505853779107,11.477775337205175,8.28967490199309,1
12.068751857422107,8.03241981029535,9.750499901976424,8.33273546440896,10.301938212851615,9.738805337460676,7.024815933059534,6.884308524218369,11.792746336516286,6.724417757971939,11.946206879916382,9.712934281664062,8.275360848435703,5.413111796734051,9.28564988857927,12.713794260423432,10.033310837920048,9.448240422791237,13.499592933529158,10.066964750235318,14.911298586576718,8.69852058866104,12.745762633573111,7.072322135565485,12.222671186147409,8.72550374616425,1
11.27766865877762,9.150573433328672,10.14711060196478,10.002842046488212,10.370819410540356,9.613631539812026,8.454038521812835,4.662944593256621,10.6915612471818,7.681207707525112,11.330277783956168,9.875879867868353,8.083401514643965,6.968291103441443,6.833727576812537,12.39677036120814,8.542519897120924,8.057832738635238,13.61702381440945,10.188165770588636,14.171082009391778,9.103190256526974,12.495902023013558,6.426078456802644,11.568752173395335,8.38433674943368,1
11.900723865248116,9.844898856439224,10.095252687706592,7.705754176483391,10.556690652306733,9.960118918515072,6.758423350739894,6.830848945238402,10.561711950376086,8.294017507238854,11.587207663108089,10.113785125452043,8.053814134154475,7.500177144745319,9.072174971747613,12.189834381436564,9.31958962839491,8.018393865209289,13.63726731836454,9.9962369462689,14.03616075983424,9.4435510148469,12.544323685920428,5.459007837031276,11.575154076842528,8.789458672146399,0
11.600864560011,8.843326780420856,9.55625950497241,8.973568531411452,9.701877680972604,10.107930592763802,7.264030259993785,7.055422372314227,10.823775754909311,5.929380699848839,9.95187068927965,9.679120318109817,8.54427020457609,6.279315812753109,7.30861918695014,11.790693146765188,9.407567483577555,8.163960319083232,12.791832909847107,9.921406654784883,14.61128579656941,9.242333415279434,11.919232241705751,8.050612018458592,11.670387182706827,8.335904206678313,1
12.1706263933244,8.272632928690335,10.218632418609918,10.053297705949028,9.963859276422411,10.001489453284648,6.779953181056797,5.989389033290568,9.89477871100062,5.1696363183749465,11.234933111297654,8.877520032592065,10.93741730952884,5.48796293907159,8.086891152696417,11.195544715648694,9.812527340849613,8.296925952486779,13.426193107591118,9.890963906070688,14.179524215621017,9.078410508006485,12.559868031140212,4.162111762156314,10.71857185628904,8.61337041400503,1
11.396555107438123,8.73685707852754,10.192963224604885,7.381998975081095,10.671926469474242,10.25336669217556,8.026567378510594,7.632799753376987,10.684805468123626,8.625710421858948,10.647394844819472,9.4793062508406,8.088413921427264,8.33244003462799,8.957369353735503,12.747177858102846,9.202293067786938,7.908579218418897,13.014666069010673,10.022762992677832,15.094544532550362,9.372194219906854,12.267287703791672,4.8782428204971815,12.59874885367412,8.768329306788766,1
12.542305861762774,10.24110402923859,10.12839481033546,6.491405925657191,9.107411919786127,9.687989773992108,8.66397914600411,7.286604872033894,11.407381130170274,4.637663620641135,11.202810122570469,8.836952900169182,8.07012690325772,5.080341220618013,9.2943425400614,14.574792227753711,11.86653075804258,10.598211918833814,13.33161518780867,10.224974746480708,14.833573662977384,9.280604115858347,11.877017266884364,3.721621419846505,10.531231727616913,7.999650336619457,1
12.079260245406848,9.958774591465994,9.91592837877698,9.665043162890758,10.88531775305455,9.41723908202136,8.411658978248251,7.713766683838336,11.050668180055984,4.6434760754916455,11.916043284268552,9.934764427794036,7.191279780415471,6.225831695569691,7.102445576946607,13.862442217545835,10.47160904202363,9.414753096557858,13.16868509135192,9.97134800398898,14.77399002571994,8.669934625279797,11.687472774147572,4.118320302337132,10.45885543555478,8.092499259166496,1
11.56208642779756,9.587747945042103,10.18151622378247,8.860614693923578,8.574618469615105,9.571848753673184,7.333826962725575,3.193926623260376,8.741443393153023,7.685960434547533,11.00626757890517,10.551918340932282,8.334547706178332,6.121112069265813,9.62729001483576,12.282053760027855,6.683470412028249,1.6549880364163183,13.20057157275883,9.221607630519,13.793494031812957,8.832442657329326,11.460700721195035,3.6557371544719777,10.12775501435036,10.490376641199504,0
12.25120499895482,7.929343995714079,9.343739708170768,8.505013979034372,8.946730918536538,9.668170393361583,7.604416237836432,5.689641553573029,10.593147807069109,7.935446748173283,11.4119441496852,8.680085266818212,7.929976293090268,6.70934106299787,8.256227109093313,13.055883883534984,9.004216810680168,7.677445952259051,13.728089551815708,10.283155140786915,13.681557057649282,9.288083196754618,12.8040121566606,4.857973248665223,11.090388545942826,8.142682465109766,1
11.738192123769362,9.885213819906529,10.525843716231227,8.00899469100505,8.494292509839774,8.890337401888182,6.576379495709495,3.140491875580504,9.34239164108554,6.042222346654666,11.4906280316415,9.998415035720088,7.352175888839478,6.250983365379404,6.420094162905256,8.35728358555163,8.39724898389059,7.128354381866727,13.095114826855676,9.16307004422837,14.424195261013312,8.471986981495732,11.929706073659684,4.886956859786059,9.863747504653,8.874126392408838,0
10.694349777438592,8.739994693224272,9.77297972193613,9.082708660392743,9.23524689382806,9.601507770378308,7.51229253084426,6.795588552292524,10.5479205102083,6.767619237028866,9.694386383658417,10.427526643941327,7.115232852828084,1.9411240276404087,9.352342501276876,11.82689224483176,9.36588504497713,8.826318696375779,13.691941952415876,9.975129872172827,15.052009870861244,9.078576576516497,12.329303521417888,4.615858801929547,10.843100572870776,8.16898929983133,1
11.328644128437167,7.616292030493055,10.1627930590607,9.19146402749666,9.211063082152902,10.278260667031686,8.507811427930022,6.276572096512326,10.412551064165472,5.552663492245095,10.156825772754146,9.158108821186142,7.376052888152046,6.282462440093616,8.368440845060523,11.484208923490757,7.977457141615848,6.301852096576461,13.265172922670972,10.167745482404552,13.47183345522479,9.281048083610449,12.513070931170532,4.623552478219971,11.228127055042751,8.239723057424458,1
10.344544811780285,7.779302568945838,10.008142248935538,11.026793158587092,9.901576495609584,9.841683255861165,6.859703547615437,5.927877115751191,7.875217376330216,8.00850601180966,6.443572287517864,9.996227847382274,8.16592995763961,6.609595143093354,7.084556134479429,6.8723356812059055,6.983755013401969,3.338858009902709,13.17553925979292,10.422910345944755,11.407403954965911,8.468646407180689,11.711762547230222,4.394438349768552,9.095760234803178,8.773695698136365,0
12.547548808259588,9.486257006835595,9.108274196754609,10.639178591392657,10.396265926581709,10.546623897649516,7.789684448664254,5.632993402497364,8.485635662865404,8.12629382815686,10.281203847393924,8.308607036675536,7.199919688898628,5.488323319898714,9.687393177058697,12.354427712072576,11.068282690100435,10.531949157071416,13.542477320488416,10.192120598612808,14.2019585877565,8.888460585519061,11.887769890682009,8.005466589110092,9.956614427433909,8.713517029189013,1
11.812678254684531,8.371387416899335,9.248766953706069,5.661833220587447,9.813148812970825,9.753441567031771,9.655623888452132,3.389217420371835,10.187730806813825,7.284843353818537,11.669940489326162,8.076761985987092,8.13128902505158,5.620681318533975,8.509605965498812,13.415874992123332,6.487767245449276,1.7357961993916424,14.142896642126242,10.15257176608343,14.325330719877368,9.538252028622358,12.09300188613234,6.836479245788829,10.730368746686564,8.046867004276613,1
11.600611163478206,9.096566687281864,9.899564157085118,11.209005140907085,11.096115242698684,10.29736759255151,8.276148432110553,4.531199303051118,9.63613962982182,7.48350480984625,10.34098006604527,9.248855138214934,7.532672240327714,5.400619794898493,8.163939834091673,8.746358979311132,9.088467009568031,8.579770665044531,13.77033813738394,10.26889291649281,13.268549238961375,8.868156788152785,11.395014778826312,5.550925917734659,9.293467796746455,9.24745483463502,1
10.87872596501415,9.478196077523156,10.168090274055086,10.407380123883778,8.840377845122628,9.577454386668029,7.168771250141827,2.894774443952847,8.409589775653647,9.226842710796111,11.311875142747688,9.116205408127264,7.644540707735704,6.443189886043829,7.772051131590874,6.289921194874678,6.519472322643708,2.842133470889564,13.111400707223597,9.418694744117069,11.807150277597533,9.132901177800813,11.524939596480644,3.893675076279985,9.927020643766438,10.127083884056129,0
11.809970874383993,9.739521171942451,9.729294748390284,10.29493001533026,9.27458252464826,10.047307072386964,8.266330011663694,4.1772855430565,9.203190947377372,6.948877361225035,10.630657413295594,9.35746090061468,7.315702321974308,6.538140642733965,8.541023052135378,11.064996818336114,8.895321934136168,8.580059233266173,13.425415701664088,9.993973354348462,13.66270281413648,9.237556782353655,12.11836202476288,6.812652314887876,8.99947662435551,8.080419433255182,1
11.800036738866998,8.692076344848303,9.940636632713929,8.458151758047515,9.384245354934558,10.030221127424062,6.131362802948831,4.543927773978767,9.576807448045246,6.3590204531970524,9.584617153307226,8.7701802880813,7.990624156284615,6.6409055499439695,8.939744235191101,13.430561315921222,7.772647964887942,6.834140576021211,13.58935451912992,10.686930727652566,13.95931208537375,8.800248027738606,12.120331177985411,7.32609527616707,12.023697411162397,8.938570286241582,1
11.108129208571665,9.062695159451623,10.078838196370926,8.71043914949487,8.416649131012251,10.23326846569886,6.455741117554541,6.538246532653126,10.139087864797323,5.875704897115683,9.724899874783876,9.925469745932912,8.225887343620231,6.595772676227672,7.948534757040373,11.105782485158068,9.15355014648306,9.371716570252518,13.902045689825906,10.012826739736074,13.883653678650775,9.471434844271018,12.343557540725618,5.01088551438052,10.389397462375396,9.161185337350814,1
11.096059411903784,9.501526126224118,9.723330299730264,8.850706928574391,8.99531110717767,9.619224119109608,6.195315680694722,5.772871940075756,9.003475995131282,8.404093286310852,12.259126724768564,10.485608067865602,8.61855679020636,6.22830355111759,3.61283941879098,7.411490757564306,9.088478676973644,8.924149059327867,13.144303825233278,9.369138710156466,12.290257983658108,8.694252950543058,11.825687321586042,3.8057335726908392,9.075025995973808,8.704720400354734,0
10.93721494146455,9.6809015801457,10.113601339289373,8.29425409314898,9.76485657173684,9.088264084855403,7.459248496905301,3.141681715941126,9.284815543199088,8.177435939040917,9.605036459931275,10.357102324454605,7.275451744965715,5.232977424417863,8.672547551953683,13.255805127994646,7.328344909218046,6.271933842018236,13.289500966938276,10.204011456782576,14.250132027363865,9.145186492678432,12.390791425895308,7.132674244979674,10.124195773827106,9.361799249360546,1
10.477048082646755,9.817732472840776,10.156351958569008,10.142760760528176,9.025918427385328,9.051244359233918,6.06957437892606,3.9260239131125223,8.539386604585737,9.150524549971784,12.116049678057946,9.35406120604278,10.090505653567265,10.397526731294157,7.880121694395026,8.165561867508307,5.798313216692538,1.966504998805905,12.809832132661732,9.881607311080373,12.68529354857428,8.862598760326346,12.160967813953372,5.321142789528846,9.508153115700324,9.154071766059468,0
11.688361012144632,9.980025837379795,10.29358306020782,10.936340232839909,9.945892982695216,9.218452245821217,6.999057490504359,3.103994664773262,8.186623582673914,8.246084813400383,12.741014916650666,10.09994185135512,9.312871709978996,6.025305107005474,4.248611867949333,6.907850677478958,3.5311084774557435,1.3752448467277132,12.910007715681504,10.08570931640715,12.315016574242332,9.174839895277987,11.803168601911034,4.626423600574311,9.278280207504451,9.01908643095053,0
11.451110640472638,7.584185917886237,9.362259413216409,8.119470881619218,9.227709993698314,9.972942488045325,8.368000263929591,4.602119440163172,10.405907790171732,7.56471509355107,11.672131242895668,9.149172942602853,8.403271220363518,6.846097573495168,7.982384141670363,11.360373015324004,8.571417896089516,6.759300585944977,13.118734617930864,9.956379141786533,14.20498482088307,9.599996973777504,12.352759342312206,5.684478936597642,11.624194389351729,9.252951494097822,1
11.549187536465988,7.926770448674009,10.105680473110656,7.4852167904188,9.612725306220607,10.340667671835524,7.07919730795759,7.9651121630688815,11.397112459874643,6.346217091880025,6.63200288547278,9.601807435616506,7.62223508526456,5.4951131867385365,8.878534642040064,12.524192839107616,9.57744067350848,8.743168187968415,13.168497594346258,9.71831002764704,14.697857552805257,8.564007670702237,11.709078906307772,4.736523836438249,10.589587353401017,8.116695109972841,1
11.56402391465778,9.137629494523122,10.063852415816823,7.88479702114666,9.197174392254194,9.586952721447409,6.757450342670945,4.10232280621142,10.701405074326956,8.04773580493792,11.787400559036625,10.37672977683654,8.513087618935623,6.351908794461378,8.363695558300783,14.232514517121928,8.918100792979986,7.696158596244219,12.772279771815514,9.92576216085609,14.376523108598608,9.037312616364774,11.420192548840513,4.328871904523712,10.57284468572796,9.00260289668671,0
12.81173271615362,8.88008645419432,10.030248354130904,7.178784532325959,10.730731747487544,10.206632675876593,7.878699923406416,7.633083388223246,11.622368647603114,3.779783224462812,9.597043604768295,9.76068813729174,7.060291569393718,5.471021477038094,7.847812513046465,13.173154850001962,9.686487556046984,8.743414383321774,14.511795124517551,10.050808118175414,14.216357757191638,9.09520453881511,12.835810613283492,5.1460752917968415,11.715397358193927,8.143234912562505,1
11.932258860818497,8.50786234931179,9.098566596043211,7.688234873856949,9.786377697880535,9.460499313777662,7.602148602030325,4.296235894499572,10.131400236287105,7.806746516333701,10.309559815490884,9.382641293757622,8.539540606721754,5.784404625099956,9.57213867852792,12.348265604957842,8.875528118320911,7.706215386844821,13.887778417982794,10.248283462161066,13.592166241301898,8.8423425350075,12.466792737647877,4.83419812141611,9.74169778802158,8.091071319214842,1
11.423457190350332,8.427501223734923,9.520814773183565,9.002221035503108,10.800615085113714,9.6304566829669,6.579080185510541,7.014260198681355,10.090422204133928,8.06481435347847,11.038657795101972,8.837469953276733,7.476234580909907,6.533360421158434,9.277313686506965,11.564171217283114,6.177050606007194,5.3822385514220175,14.066269033394551,10.131387981783057,13.678680571096118,9.288605062028738,12.59031997227688,7.431527959894448,11.21083902330418,7.747913890254902,1
11.142451664949242,11.433375925874952,10.831909946934916,8.81574991159717,9.425633204386898,9.58791170631054,7.246261541339616,3.717014471658089,8.774411528252164,8.193833947219668,11.820730683604896,9.223196974542237,10.498679277731966,6.668239334962456,8.297530248104367,7.56679968901077,6.715899795520713,3.809344262176019,12.708364006450369,9.658440446849898,12.377496050245895,8.23199242372491,12.066816207231268,4.730410974113981,9.403577698605622,8.135391782053913,0
12.256779904191356,8.036990446955354,9.631186614940155,7.453680086846321,9.65643464124176,9.582020782034265,8.378787441546915,6.600647988986166,10.183235520938316,5.424331266124268,8.97720966119742,9.084263991504546,7.703851279610133,3.7040604474679895,8.55394486425862,11.74671354427939,9.4805744230316,7.948489796167042,12.9931363792268,10.204637728363288,14.777979166300383,8.57940003289827,12.125823287745172,3.833479106307729,10.080859989496712,8.123531626354719,1
10.905599532718046,9.028392450081748,9.000473650034653,11.123361193638894,8.60789970782379,9.336266835544226,6.3081919363699,3.451247225170557,7.886096908445009,9.388267290527915,11.217596160991148,9.273677542311647,8.657938012521306,9.084057851482251,3.193959293505126,8.315889230541243,5.971677193410788,5.185998659849164,12.912663799514752,9.374290012863709,11.12145463570294,9.193790822364829,11.417087818005951,2.8946394147478003,9.464299499350954,9.98013191310883,0
11.060906305494743,8.798701878063941,9.672012946266175,9.317863577931414,9.407760381194809,10.320400018460004,8.728523800874214,3.9807872016265513,9.709166639068837,5.296888023508901,10.006014883134004,8.539342250655153,7.964227493751276,6.405935338007043,9.21729977707462,11.5901986274546,7.839256967745552,7.024144497690364,13.796483645429063,9.983585757868807,13.442199438364256,9.677054385040083,12.10931545768344,4.933623097015128,9.647884345149002,8.235830727906714,1
12.333394456122043,7.169251411501155,9.465086116263729,9.443912114912896,9.929173721075834,9.723085816746996,7.82137412472265,2.9849526670620063,10.42728080773378,7.439873736553762,10.939609662161567,9.446927436281332,7.55694217070905,7.282763898087191,8.148391504127657,12.73958761391781,6.474278929168671,6.209517125992349,13.698309789455385,9.593262956262746,14.14535064854963,9.911347786963294,13.223979069106226,5.552250236758869,10.424426295626422,7.412336267205838,1
11.479448314475144,9.681617419040617,9.988570455833994,10.056911979422848,9.703583813935174,9.906497500806132,5.102517831201315,2.905018569900298,9.01946246363088,11.32816943972634,11.50489375107594,9.236076407310236,7.528998832583408,6.516686792444636,3.5734350264033647,6.713877106516264,5.413518183119235,3.042143239065888,13.122231589312596,10.587523060432074,10.090669987358613,8.396329565418407,11.48848221121123,4.326446581107058,8.746098908771163,8.96071800671686,0
10.547530048939324,8.55906878393799,9.16224278051007,12.572942105921896,7.391198185563501,9.12119372056487,6.758604125717739,3.432785268666553,6.632899737518738,10.078280571695103,11.518118829090431,9.291242838496949,8.332986871184403,8.331018378507359,7.452073674159078,6.970805078638672,1.744368634999514,4.470583417826994,12.889018380061026,9.73248012972972,9.857021829245648,9.749674282596304,11.596548726807566,3.893544048454216,8.614433989124034,9.130275725310812,0
11.964774258621937,8.145164264912992,9.042707402000897,9.040547612652093,10.662562319805732,10.56196570899943,7.061037707947797,2.7828852592466053,10.043964686875466,8.077956715714345,11.474425134625676,9.135877157328888,7.532869915678172,7.034175470323227,9.39202360361341,12.866928699548934,10.078229040558238,9.22462035520664,14.00662408140438,9.774870516634405,14.576147366988726,9.610708130976413,12.30871773612462,6.424054546990837,10.040404966180398,8.581619422179955,1
11.263019869982804,7.436269617392533,9.322441792160568,9.042685298888513,9.835024681098684,10.303319977847629,6.946609467574047,6.633563990103259,10.462202196827286,6.011708505008142,8.34885446291531,9.75731091111068,7.567735062624468,6.512915969550294,8.830916147682707,10.539535188103256,7.347606934517074,6.800442778608071,13.875692922795368,9.703214681919556,14.005065406377952,9.237907312123552,12.522146637543862,5.429857819560845,11.90622632576295,8.671051001792858,1
10.639431890586632,9.06297622668262,9.74046370794026,9.894755831886846,8.768741206214937,10.245949184933547,6.331140914102637,2.898368541152242,7.065293662211619,9.05296979748285,9.62833962580723,10.120893962196796,7.437763518723468,6.161598328083215,3.3038618178918187,7.370204575782128,6.634316767738604,3.3325371304813327,12.724622105417584,9.906281091882905,11.243737142547763,8.661524853415736,11.61236103952394,4.740595632372477,8.936007280464473,9.07283743941981,0
